Name,Sequence
PZ1,TGCTGTACACAGCGCCAACAATTATTGGTGTCCACGACGTATTTGTGGTATAAAGCGCGC
PZ2,ATGTGCAAATACTGATGGCGGTTGATTGTTTGTTTAAAGCAAAGGCGTAAAGTAGCACCC
PZ3,"CAAAATTGCACGGACAGGGACTGTTAAAATGCCAAATTTCCTGGCATCATGGCAA
CCATCTGAAC
"
PZ4,TTAATCATTCATATGGCGAATATTTTCTTGTCAGCGAAAAAAATTGCGGATAAGGTGATG
PZ5,TTTAATTATATATATATATATATATAATGGAAGCGTTTT
PZ6,TTTAATTATATATATATATATATAATGGAAGCGTTTT
PZ7,TTAATTTTTATTAATATATGTAAAATCCCCCCCCCCGAAAGCTTAAGAATATAATTGTAAGC
PZ8,TTAATTTTTATTAATATATGTAAAATCCCCCCCCCCCCGAAAGCTTAAGAATATAATTGTAAGC
PZ9,TTAAATTTCCTCTTTTCAGGCCGGAATAACTCCCTATAATGCGCCACCA
PZ10,AAAAAGAGTATTGACTTAAAGTCTAACCTATAGGTATAATGTGTGGA
PZ11,AAAAAGAGTATTGACTTCGCATCTTTTTGTACCTATAATGTGTGGA
PZ12,AAAAAATTTATTTGCTTATTAATTCATCCGGCTCGTATAATGTGTGGA
PZ13,TTGACATCAGGAAAATTTTTCTGTATAATGTGTGGA
PZ14,TTGACAATTAATCATCCGGCTCGTAATTTATGTGGA
PZ15,TTGACAATTAATCATCCGGCTCGTAATGTTTGTGGA
PZ16,AAAAAATTTATTTGCTTTCGCATCTTTTTGTACCTATAATGTGTGGA
PZ17,TTCACTTTTAATCATCCGGCTCGTATAATGTGTGGA
PZ18,TTGCCTCTTAATCATCGGCTCGTATAATGTGTGGA
PZ19,TTTCAATTTAATCATCCGGCTCGTATAATGTGTGGA
PZ20,TTGACAATTAATCATCCGGCTCTTAGTGTTTGTGGA
PZ21,TTGACAATTAATCATCCGGCTCGTAGGGTTTGTGGA
PZ22,TTCCCTATTAATCATCCGGCTCGTATAATGTGTGGA
PZ23,TTGACAATTAATCATCCGGCTCGTATAATGTGTGGA
PZ24,AAAAAATTTATTTGCTTTAAAGTCTAACCTATAGGTATAATGTGTGGA
PZ25,TTGACAATTAATCATCCGGCTCCTAGGATGTGTGGA
PZ26,TTGTATTTTAATCATCCGGCTCGTATAATGTGTGGA
PZ27,TTGACAATTAATCATCCGGCTCGTAACTTATGTGGA
