Promoter Region,"(Identifier, Free Energy Value)"
Spacer Length,"('15', 0.36700000000000443)"
Spacer Length,"('16', -0.008999999999993236)"
Spacer Length,"('17', -0.09239999999999071)"
Spacer Length,"('18', 0.116800000000012)"
Spacer Length,"('19', 0.6186000000000007)"
Spacer Length,"('20', 1.4130000000000038)"
Spacer,"('rigidity', 0.009426894866260856 )"
UP Distal,"('groove width', 0.2546979750256038)"
UP Proximal,"('groove width', 0.6505806574328081)"
ITR,"('R loop stability', 0.16210794028069989)"
h10 position 0,"('TAT', -0.9106392228465209)"
h10 position 0,"('TAA', -0.7063684812690003)"
h10 position 0,"('TAC', -0.6955332165785065)"
h10 position 0,"('TAG', -0.5791109861977634)"
h10 position 0,"('AAT', -0.34434029969128693)"
h10 position 0,"('CAT', -0.2999626574312279)"
h10 position 0,"('GAT', -0.2596949339348936)"
h10 position 0,"('GTA', -0.189873085272735)"
h10 position 0,"('CAA', -0.18785061878221526)"
h10 position 0,"('TTA', -0.16745326285599052)"
h10 position 0,"('CTA', -0.09617404850628807)"
h10 position 0,"('CAC', -0.027935088893270586)"
h10 position 0,"('ATT', -0.02760841459847772)"
h10 position 0,"('GAC', -0.00040256483059495306)"
h10 position 0,"('ACA', 0.0)"
h10 position 0,"('ACC', 0.0)"
h10 position 0,"('ACG', 0.0)"
h10 position 0,"('AGA', 0.0)"
h10 position 0,"('AGC', 0.0)"
h10 position 0,"('AGG', 0.0)"
h10 position 0,"('ATA', 0.0)"
h10 position 0,"('ATC', 0.0)"
h10 position 0,"('ATG', 0.0)"
h10 position 0,"('CCG', 0.0)"
h10 position 0,"('CGC', 0.0)"
h10 position 0,"('CGG', 0.0)"
h10 position 0,"('CTC', 0.0)"
h10 position 0,"('CTG', 0.0)"
h10 position 0,"('GCC', 0.0)"
h10 position 0,"('GCG', 0.0)"
h10 position 0,"('GGA', 0.0)"
h10 position 0,"('GGC', 0.0)"
h10 position 0,"('GGG', 0.0)"
h10 position 0,"('GTC', 0.0)"
h10 position 0,"('GTG', 0.0)"
h10 position 0,"('GGT', 0.014025497244297485)"
h10 position 0,"('TGC', 0.021820191839442202)"
h10 position 0,"('TCC', 0.024649344853042127)"
h10 position 0,"('AAC', 0.028821899543931544)"
h10 position 0,"('TGT', 0.03301394297027404)"
h10 position 0,"('TTG', 0.03556826824357014)"
h10 position 0,"('TGG', 0.037754073983779904)"
h10 position 0,"('CGA', 0.046398931797263954)"
h10 position 0,"('TCT', 0.05923658893091885)"
h10 position 0,"('TGA', 0.06348749096954126)"
h10 position 0,"('CAG', 0.07065084457433997)"
h10 position 0,"('AAA', 0.09490738746347842)"
h10 position 0,"('GAA', 0.10505054947551914)"
h10 position 0,"('AAG', 0.1198230376783691)"
h10 position 0,"('GAG', 0.1588895386113908)"
h10 position 0,"('ACT', 0.1638454358405594)"
h10 position 0,"('CCA', 0.17249598290925514)"
h10 position 0,"('GCA', 0.17726911147529376)"
h10 position 0,"('TCA', 0.2131582968259988)"
h10 position 0,"('AGT', 0.2147940064357312)"
h10 position 0,"('CCC', 0.22167955893809602)"
h10 position 0,"('GCT', 0.22783938527506442)"
h10 position 0,"('GTT', 0.23433309066242222)"
h10 position 0,"('TTC', 0.24049535076215106)"
h10 position 0,"('TCG', 0.2571180467299443)"
h10 position 0,"('TTT', 0.2761609646098749)"
h10 position 0,"('CTT', 0.32615138291787527)"
h10 position 0,"('CGT', 0.42392556132156406)"
h10 position 0,"('CCT', 0.4295831188048784)"
h10 position 3,"('AAT', -0.8708852278943782)"
h10 position 3,"('TAT', -0.8503870687473457)"
h10 position 3,"('ACT', -0.770785967815676)"
h10 position 3,"('AGT', -0.6032012647867945)"
h10 position 3,"('CAT', -0.5976286243429203)"
h10 position 3,"('ATT', -0.5839670229680539)"
h10 position 3,"('GAT', -0.5236823489952451)"
h10 position 3,"('TCT', -0.389182428759729)"
h10 position 3,"('GCT', -0.3118833171984491)"
h10 position 3,"('TGT', -0.29282726925801883)"
h10 position 3,"('CCT', -0.28201835991540614)"
h10 position 3,"('ATA', -0.2815784985072322)"
h10 position 3,"('GGT', -0.2693116358365752)"
h10 position 3,"('TTT', -0.255185064758909)"
h10 position 3,"('GTT', -0.2319440535211394)"
h10 position 3,"('CGT', -0.22957944752798204)"
h10 position 3,"('CTT', -0.21516031962995938)"
h10 position 3,"('ACA', -0.18378838543440634)"
h10 position 3,"('AAA', -0.14042593692886762)"
h10 position 3,"('AGG', -0.11797676076098046)"
h10 position 3,"('TTC', -0.035366737127009884)"
h10 position 3,"('AAC', -0.012384111923827271)"
h10 position 3,"('ATG', -0.011108666369123185)"
h10 position 3,"('CGA', 0.0)"
h10 position 3,"('CGG', 0.0)"
h10 position 3,"('CTG', 0.0)"
h10 position 3,"('GGG', 0.0)"
h10 position 3,"('TGG', 0.0)"
h10 position 3,"('TAG', 0.0009394931280153995)"
h10 position 3,"('ATC', 0.016760580206517762)"
h10 position 3,"('ACC', 0.053183152602326395)"
h10 position 3,"('TAA', 0.06384993062886919)"
h10 position 3,"('AAG', 0.07062384545829954)"
h10 position 3,"('CTA', 0.07217807522519586)"
h10 position 3,"('TTA', 0.07585053289082558)"
h10 position 3,"('AGA', 0.12034744752130364)"
h10 position 3,"('TGA', 0.12192168180402255)"
h10 position 3,"('GTA', 0.13490947717257368)"
h10 position 3,"('CTC', 0.13545420990605467)"
h10 position 3,"('AGC', 0.1644544995394996)"
h10 position 3,"('GAA', 0.1703433358271497)"
h10 position 3,"('ACG', 0.18086946257241995)"
h10 position 3,"('TAC', 0.18558906240429637)"
h10 position 3,"('CAC', 0.2296544538769969)"
h10 position 3,"('GAC', 0.23430195379743315)"
h10 position 3,"('GCC', 0.23599181501756106)"
h10 position 3,"('CCG', 0.23833369595511988)"
h10 position 3,"('GCG', 0.239697508426137)"
h10 position 3,"('GCA', 0.24985810790957888)"
h10 position 3,"('TCG', 0.2585312898601096)"
h10 position 3,"('GTC', 0.2726684004794281)"
h10 position 3,"('CCC', 0.2770948968883442)"
h10 position 3,"('CAG', 0.2927349456965483)"
h10 position 3,"('TCC', 0.30371182219728826)"
h10 position 3,"('TTG', 0.30382604520695994)"
h10 position 3,"('GGA', 0.3054009417807217)"
h10 position 3,"('TCA', 0.3088283133466719)"
h10 position 3,"('GAG', 0.359782319300283)"
h10 position 3,"('GTG', 0.3607159076854683)"
h10 position 3,"('GGC', 0.3641217865297511)"
h10 position 3,"('CAA', 0.37084711173422535)"
h10 position 3,"('CCA', 0.4160724843435361)"
h10 position 3,"('TGC', 0.42950855129388393)"
h10 position 3,"('CGC', 0.44130138079556164)"
h35 position 0,"('TTG', -0.8511202866148896)"
h35 position 0,"('TTT', -0.46946923351264314)"
h35 position 0,"('ATG', -0.42057592950756695)"
h35 position 0,"('TAG', -0.39096020475985893)"
h35 position 0,"('TGG', -0.3332502512580711)"
h35 position 0,"('TTC', -0.2610965805370817)"
h35 position 0,"('CTG', -0.24629712834653053)"
h35 position 0,"('GTA', -0.23849417242526405)"
h35 position 0,"('GTG', -0.23783376052923252)"
h35 position 0,"('TCT', -0.2204862015355318)"
h35 position 0,"('CTA', -0.1952143346110267)"
h35 position 0,"('TAT', -0.1518800857079465)"
h35 position 0,"('TTA', -0.14150345445471604)"
h35 position 0,"('TCG', -0.13499031380149526)"
h35 position 0,"('TGA', -0.12436571896176705)"
h35 position 0,"('CTT', -0.11390935631664142)"
h35 position 0,"('TAA', -0.10057135366438301)"
h35 position 0,"('GTC', -0.10039373057177248)"
h35 position 0,"('GTT', -0.09254566213228003)"
h35 position 0,"('TGT', -0.0556343867600926)"
h35 position 0,"('ATC', -0.02266078879538195)"
h35 position 0,"('GCG', -0.011394041424139419)"
h35 position 0,"('ATT', -0.008068733965697007)"
h35 position 0,"('CGT', -0.0038884919611999625)"
h35 position 0,"('AAA', 0.0)"
h35 position 0,"('AAT', 0.0)"
h35 position 0,"('ACC', 0.0)"
h35 position 0,"('ACT', 0.0)"
h35 position 0,"('AGA', 0.0)"
h35 position 0,"('AGC', 0.0)"
h35 position 0,"('AGT', 0.0)"
h35 position 0,"('GAT', 0.0)"
h35 position 0,"('GGA', 0.0)"
h35 position 0,"('TGC', 0.0)"
h35 position 0,"('CCG', 0.022347560306883285)"
h35 position 0,"('CGG', 0.025433429323852983)"
h35 position 0,"('TAC', 0.031594925820520314)"
h35 position 0,"('TCC', 0.0414044833258263)"
h35 position 0,"('CAG', 0.045544678282602453)"
h35 position 0,"('GAC', 0.08580103150005455)"
h35 position 0,"('TCA', 0.09651004698673261)"
h35 position 0,"('GGT', 0.09817020013819935)"
h35 position 0,"('CTC', 0.1029676100034498)"
h35 position 0,"('ACG', 0.1085144161441575)"
h35 position 0,"('AGG', 0.11715359318273247)"
h35 position 0,"('GCT', 0.11882049592994029)"
h35 position 0,"('CAT', 0.1500781457366836)"
h35 position 0,"('CCT', 0.1503878584281531)"
h35 position 0,"('CAC', 0.15203060003839258)"
h35 position 0,"('AAC', 0.16540471136174353)"
h35 position 0,"('CGA', 0.17716741797455585)"
h35 position 0,"('GAG', 0.177621328096816)"
h35 position 0,"('CCA', 0.1877433271981443)"
h35 position 0,"('GGC', 0.1897743936378747)"
h35 position 0,"('AAG', 0.20399532646960403)"
h35 position 0,"('CAA', 0.20522206154317535)"
h35 position 0,"('ATA', 0.23463667489026757)"
h35 position 0,"('GGG', 0.2356330850982128)"
h35 position 0,"('GCC', 0.252003184989742)"
h35 position 0,"('GAA', 0.25840804202788786)"
h35 position 0,"('ACA', 0.26202919727030116)"
h35 position 0,"('CCC', 0.2876153782860975)"
h35 position 0,"('CGC', 0.32537335947877183)"
h35 position 0,"('GCA', 0.4172176386838069)"
h35 position 3,"('ACA', -0.6260976284949558)"
h35 position 3,"('ACT', -0.40719887288673423)"
h35 position 3,"('CCT', -0.3122991962691227)"
h35 position 3,"('AAT', -0.28364370837131575)"
h35 position 3,"('CCA', -0.23235464438478887)"
h35 position 3,"('CAA', -0.22515898726967176)"
h35 position 3,"('ATC', -0.19114400490445757)"
h35 position 3,"('AAA', -0.16908705233531682)"
h35 position 3,"('GTA', -0.16901178129880748)"
h35 position 3,"('TAA', -0.16892049808735207)"
h35 position 3,"('ACG', -0.15311120173832768)"
h35 position 3,"('ATT', -0.14754411345414545)"
h35 position 3,"('AGA', -0.13692983107476275)"
h35 position 3,"('CTA', -0.13420128185295316)"
h35 position 3,"('TGT', -0.11774727064261974)"
h35 position 3,"('TTT', -0.11703768409025755)"
h35 position 3,"('GAA', -0.11320386467567833)"
h35 position 3,"('TCT', -0.09236019035237614)"
h35 position 3,"('TCA', -0.08322017053190033)"
h35 position 3,"('CTT', -0.07610553119535049)"
h35 position 3,"('CAT', -0.06933635697725887)"
h35 position 3,"('TAT', -0.06804398201966647)"
h35 position 3,"('ATA', -0.05466223246930263)"
h35 position 3,"('CAG', -0.05245668616935422)"
h35 position 3,"('GCA', -0.04432364947099053)"
h35 position 3,"('GCT', -0.0369869360824641)"
h35 position 3,"('CCG', -0.013635747921151463)"
h35 position 3,"('ACC', -0.013027902113514216)"
h35 position 3,"('TAG', -0.006665799606645034)"
h35 position 3,"('CAC', -0.00590248812297179)"
h35 position 3,"('CGT', -0.004260528433371471)"
h35 position 3,"('GCG', -0.0032395179289541245)"
h35 position 3,"('TGG', 0.0)"
h35 position 3,"('TTG', 0.0)"
h35 position 3,"('AAG', 0.0032413186806323083)"
h35 position 3,"('CTG', 0.022378460778619363)"
h35 position 3,"('CGG', 0.02279507617908226)"
h35 position 3,"('GAT', 0.026543672719968405)"
h35 position 3,"('GAG', 0.030984070093653684)"
h35 position 3,"('ATG', 0.03203870958479575)"
h35 position 3,"('AAC', 0.043641084157395524)"
h35 position 3,"('CGA', 0.04535468125660317)"
h35 position 3,"('CCC', 0.04782476812796241)"
h35 position 3,"('TTA', 0.05492373131928146)"
h35 position 3,"('TGA', 0.07908733709760897)"
h35 position 3,"('AGG', 0.0832860860945223)"
h35 position 3,"('GTT', 0.1054367402601531)"
h35 position 3,"('GTG', 0.1206666836451072)"
h35 position 3,"('TCG', 0.1303731072246929)"
h35 position 3,"('AGT', 0.13446032354401016)"
h35 position 3,"('GGA', 0.14785211603113513)"
h35 position 3,"('TGC', 0.14795245452341682)"
h35 position 3,"('CTC', 0.15232644152662514)"
h35 position 3,"('CGC', 0.16364105235292595)"
h35 position 3,"('TAC', 0.17037335610440976)"
h35 position 3,"('AGC', 0.177032592979125)"
h35 position 3,"('TTC', 0.21314019569262882)"
h35 position 3,"('GCC', 0.2215610511190525)"
h35 position 3,"('GGG', 0.22783563226934417)"
h35 position 3,"('GTC', 0.2823185034692884)"
h35 position 3,"('GAC', 0.29318904946196794)"
h35 position 3,"('TCC', 0.29621900270844964)"
h35 position 3,"('GGC', 0.39444970100658056)"
h35 position 3,"('GGT', 0.4579923412170347)"
disc 3mer,"('GCT', -0.18001627903684744)"
disc 3mer,"('GCA', -0.17513818723646626)"
disc 3mer,"('CGC', -0.16688377160145138)"
disc 3mer,"('TCT', -0.16594764875320808)"
disc 3mer,"('CCT', -0.15457117818056698)"
disc 3mer,"('TCC', -0.1495728239641026)"
disc 3mer,"('TAT', -0.1441943360313018)"
disc 3mer,"('CAC', -0.14096411166041897)"
disc 3mer,"('GCG', -0.13940934892487852)"
disc 3mer,"('CGA', -0.1379660792586186)"
disc 3mer,"('TCG', -0.12232781084798844)"
disc 3mer,"('ACT', -0.1193189216919453)"
disc 3mer,"('CTG', -0.11739483005842419)"
disc 3mer,"('ACC', -0.11446373347665721)"
disc 3mer,"('CCG', -0.10896914894976407)"
disc 3mer,"('CCC', -0.10642768631174408)"
disc 3mer,"('TCA', -0.10618594980487601)"
disc 3mer,"('GCC', -0.09485187672560347)"
disc 3mer,"('AGT', -0.09222196801281188)"
disc 3mer,"('CCA', -0.07102722808182321)"
disc 3mer,"('CTA', -0.07065392365182463)"
disc 3mer,"('CAT', -0.06688516612075936)"
disc 3mer,"('TGC', -0.06396369387766375)"
disc 3mer,"('ATA', -0.060202924695229726)"
disc 3mer,"('TTG', -0.047827908405309136)"
disc 3mer,"('AAA', -0.04487847301375619)"
disc 3mer,"('GGA', -0.034709986895396124)"
disc 3mer,"('TGT', -0.029965515348874584)"
disc 3mer,"('ATT', -0.028406436170158426)"
disc 3mer,"('ACG', -0.020389208170715694)"
disc 3mer,"('GAC', -0.018881814329846067)"
disc 3mer,"('GGT', -0.009420113359516894)"
disc 3mer,"('AAT', -0.004857517483925856)"
disc 3mer,"('TAG', 0.0001848609146443243)"
disc 3mer,"('GGC', 0.012178218133649998)"
disc 3mer,"('AGG', 0.012795170885314655)"
disc 3mer,"('GTG', 0.023900602351315935)"
disc 3mer,"('ACA', 0.02431586158030238)"
disc 3mer,"('CTC', 0.024942086366553075)"
disc 3mer,"('AAC', 0.03794051524303827)"
disc 3mer,"('TTC', 0.0403155010901358)"
disc 3mer,"('TAC', 0.04647874230110192)"
disc 3mer,"('CGG', 0.06601460246286905)"
disc 3mer,"('GAT', 0.06678815959103351)"
disc 3mer,"('GTC', 0.06717619959178263)"
disc 3mer,"('TAA', 0.0702536687063409)"
disc 3mer,"('GGG', 0.08046241181452651)"
disc 3mer,"('TTA', 0.09241381856502776)"
disc 3mer,"('AAG', 0.09488766696998044)"
disc 3mer,"('CAA', 0.09495745073130975)"
disc 3mer,"('TGA', 0.10780912735135333)"
disc 3mer,"('CGT', 0.1194498180205362)"
disc 3mer,"('AGA', 0.12376967412070047)"
disc 3mer,"('CAG', 0.13280770587783802)"
disc 3mer,"('TTT', 0.15168390811051485)"
disc 3mer,"('GAA', 0.15203157529060746)"
disc 3mer,"('ATC', 0.1590161608033341)"
disc 3mer,"('GTT', 0.16271416108557177)"
disc 3mer,"('AGC', 0.1658800645338869)"
disc 3mer,"('GTA', 0.1829665642586891)"
disc 3mer,"('TGG', 0.18496263427023718)"
disc 3mer,"('CTT', 0.2026342762130632)"
disc 3mer,"('ATG', 0.20286290801530318)"
disc 3mer,"('GAG', 0.20430148488065647)"
10ext 2mer,"('TG', -0.2144031377586821)"
10ext 2mer,"('AT', -0.1710940037718414)"
10ext 2mer,"('CA', -0.15950251583247507)"
10ext 2mer,"('TA', -0.139301362120528)"
10ext 2mer,"('TT', -0.11438766847409058)"
10ext 2mer,"('GT', -0.07964961793745078)"
10ext 2mer,"('AG', -0.056176643129648894)"
10ext 2mer,"('CC', 0.02482021652708394)"
10ext 2mer,"('GG', 0.027096935239089858)"
10ext 2mer,"('AA', 0.0610364204005321)"
10ext 2mer,"('CG', 0.07186020160067112)"
10ext 2mer,"('GA', 0.11099622297853319)"
10ext 2mer,"('AC', 0.12238080735979254)"
10ext 2mer,"('GC', 0.13682442558153468)"
10ext 2mer,"('CT', 0.18814810202386284)"
10ext 2mer,"('TC', 0.19135161731618874)"
