Name,Sequence,Prediction
Cal_p600_top,CGACTTGAAATAAGGAATATATTATTTTAACATGGTGTGG,0.6
Cal_p600_bottom,CCGCCCACACCATGTTAAAATAATATATTCCTTATTTCAA,0.6
Cal_p650_top,CGACTTTGAAAATATATTATTGTATATATATTATGTGTGG,0.65
Cal_p650_bottom,CCGCCCACACATAATATATATACAATAATATATTTTCAAA,0.65
Cal_p700_top,CGACTTGACTTATAAAATATATTGCATATAAACTGTGTGG,0.7
Cal_p700_bottom,CCGCCCACACAGTTTATATGCAATATATTTTATAAGTCAA,0.7
Cal_p750_top,CGACTTGACTTCTATATTATATTAGATAAACTATGTGTGG,0.75
Cal_p750_bottom,CCGCCCACACATAGTTTATCTAATATAATATAGAAGTCAA,0.75
Cal_p800_top,CGACTTGACGGGTATATTATACTGTATACTATCAGTGTGG,0.8
Cal_p800_bottom,CCGCCCACACTGATAGTATACAGTATAATATACCCGTCAA,0.8
